,rain,temperature,humidity,soil,flow,ultrasonic_lag_1,ultrasonic_lag_2,ultrasonic_lag_3,Actual_Water_Level,Forecasted_Water_Level
1764,10.1,18.1,90.9,90.6,13.99,2.847,2.841,2.843,2.845,2.8548900000000037
1765,10.29,17.4,95.2,90.2,13.95,2.845,2.847,2.841,2.851,2.8557700000000015
1766,4.85,17.1,95.5,90.4,13.99,2.851,2.845,2.847,2.847,2.8596400000000006
1767,8.48,17.5,93.2,90.1,14.0,2.847,2.851,2.845,2.849,2.853960000000001
1768,8.72,16.9,94.3,89.7,14.1,2.849,2.847,2.851,2.845,2.8558800000000026
1769,4.96,17.6,94.1,90.1,13.95,2.845,2.849,2.847,2.851,2.848280000000002
1770,5.13,17.8,93.1,90.2,13.99,2.851,2.845,2.849,2.853,2.849580000000002
1771,6.03,18.4,91.3,91.5,14.03,2.853,2.851,2.845,2.836,2.8493200000000005
1772,8.65,19.7,90.2,91.5,14.09,2.836,2.853,2.851,2.842,2.8521900000000007
1773,0.0,20.3,90.0,93.0,14.08,2.842,2.836,2.853,2.831,2.818260000000001
1774,0.0,21.1,90.4,92.5,14.01,2.831,2.842,2.836,2.811,2.8195500000000004
1775,0.0,22.0,88.7,92.6,13.97,2.811,2.831,2.842,2.808,2.786880000000001
1776,0.0,22.1,86.7,92.7,14.07,2.808,2.811,2.831,2.776,2.782079999999999
1777,0.0,22.9,87.5,92.8,13.95,2.776,2.808,2.811,2.769,2.733170000000001
1778,0.0,22.8,82.7,93.1,13.94,2.769,2.776,2.808,2.731,2.728930000000002
1779,0.0,23.1,87.4,94.1,13.92,2.731,2.769,2.776,2.736,2.705300000000002
1780,0.0,22.8,84.0,94.2,13.93,2.736,2.731,2.769,2.713,2.7019000000000015
1781,0.0,22.6,86.1,92.9,13.93,2.713,2.736,2.731,2.681,2.6928400000000017
1782,0.0,22.4,85.8,93.9,13.76,2.681,2.713,2.736,2.685,2.661989999999999
1783,0.0,21.2,86.4,92.8,13.88,2.685,2.681,2.713,2.664,2.6503700000000006
1784,2.9,21.6,90.4,92.6,14.07,2.664,2.685,2.681,2.855,2.6805200000000013
1785,3.04,19.6,89.4,92.8,13.98,2.855,2.664,2.685,2.849,2.84849
1786,2.91,18.7,91.5,91.9,13.87,2.849,2.855,2.664,2.844,2.8507500000000014
1787,3.4,19.0,91.9,90.9,13.91,2.844,2.849,2.855,2.864,2.848700000000002
1788,2.72,18.2,93.4,90.1,13.91,2.864,2.844,2.849,2.863,2.84987
1789,2.99,17.7,93.6,89.2,13.89,2.863,2.864,2.844,2.854,2.8517900000000007
1790,0.0,17.4,92.3,89.7,13.97,2.854,2.863,2.864,2.836,2.825730000000002
1791,0.0,17.0,95.2,89.9,14.06,2.836,2.854,2.863,2.811,2.819530000000002
1792,0.0,16.7,93.3,89.6,13.86,2.811,2.836,2.854,2.792,2.795060000000001
1793,0.0,17.4,91.6,90.2,13.89,2.792,2.811,2.836,2.784,2.7725799999999987
1794,0.0,17.6,92.3,90.6,14.1,2.784,2.792,2.811,2.764,2.7659899999999986
1795,0.0,18.9,93.8,90.9,14.12,2.764,2.784,2.792,2.739,2.7446600000000014
1796,0.0,19.2,92.1,91.2,13.93,2.739,2.764,2.784,2.728,2.7208100000000015
1797,0.0,19.7,89.6,92.1,13.89,2.728,2.739,2.764,2.718,2.7194000000000016
1798,0.0,20.6,88.5,92.7,13.98,2.718,2.728,2.739,2.687,2.698110000000002
1799,0.0,21.7,87.6,92.5,14.11,2.687,2.718,2.728,2.678,2.678600000000001
1800,0.0,21.9,89.7,94.1,14.02,2.678,2.687,2.718,2.664,2.6600299999999977
1801,0.0,22.3,87.0,93.7,13.82,2.664,2.678,2.687,2.637,2.638360000000003
1802,0.0,23.0,86.7,93.9,14.18,2.637,2.664,2.678,2.612,2.6269699999999996
1803,0.0,23.1,87.2,94.4,13.92,2.612,2.637,2.664,2.591,2.6052600000000026
1804,0.0,22.7,86.4,94.0,14.02,2.591,2.612,2.637,2.598,2.576219999999999
1805,0.0,22.4,86.2,94.2,14.05,2.598,2.591,2.612,2.58,2.5674700000000006
1806,0.0,22.2,86.9,93.6,14.03,2.58,2.598,2.591,2.567,2.55645
1807,0.0,20.9,87.9,92.7,13.93,2.567,2.58,2.598,2.543,2.5403899999999977
1808,3.08,20.2,88.9,92.7,13.96,2.543,2.567,2.58,2.855,2.750800000000001
1809,2.69,19.7,90.9,91.4,14.09,2.855,2.543,2.567,2.846,2.8480200000000013
1810,2.62,19.1,91.1,91.5,14.17,2.846,2.855,2.543,2.857,2.843950000000002
1811,3.48,18.6,92.9,91.0,14.09,2.857,2.846,2.855,2.863,2.8495200000000023
1812,2.88,18.5,92.7,90.5,14.18,2.863,2.857,2.846,2.836,2.850490000000001
1813,3.08,17.7,93.6,90.2,13.92,2.836,2.863,2.857,2.857,2.8503300000000014
1814,0.0,17.0,91.5,89.1,13.9,2.857,2.836,2.863,2.838,2.8282600000000016
1815,0.0,17.0,95.1,89.7,13.87,2.838,2.857,2.836,2.819,2.8226700000000005
1816,0.0,16.7,94.3,90.1,14.07,2.819,2.838,2.857,2.789,2.7985000000000007
1817,0.0,17.4,94.7,90.3,14.03,2.789,2.819,2.838,2.786,2.7828899999999988
1818,0.0,17.8,89.4,90.1,13.79,2.786,2.789,2.819,2.758,2.766689999999999
1819,0.0,18.6,94.5,91.6,14.05,2.758,2.786,2.789,2.741,2.7426400000000006
1820,0.0,18.9,90.9,91.0,14.0,2.741,2.758,2.786,2.722,2.7255900000000004
1821,0.0,20.2,91.3,92.5,13.97,2.722,2.741,2.758,2.706,2.7042699999999997
1822,0.0,21.4,87.7,92.7,13.97,2.706,2.722,2.741,2.691,2.683659999999999
1823,0.0,21.5,88.7,92.7,13.78,2.691,2.706,2.722,2.685,2.6705700000000014
1824,0.0,22.3,85.9,94.3,13.91,2.685,2.691,2.706,2.652,2.6605999999999996
1825,0.0,22.9,85.8,93.1,14.01,2.652,2.685,2.691,2.641,2.6351400000000016
1826,0.0,22.7,88.4,94.4,14.2,2.641,2.652,2.685,2.636,2.633200000000002
1827,0.0,23.1,85.8,94.5,14.0,2.636,2.641,2.652,2.6,2.606720000000002
1828,0.0,22.9,86.4,93.6,13.92,2.6,2.636,2.641,2.591,2.5972900000000005
1829,0.0,22.6,87.6,94.4,13.98,2.591,2.6,2.636,2.577,2.574980000000001
1830,0.0,21.8,87.8,93.3,13.97,2.577,2.591,2.6,2.547,2.5467799999999996
1831,0.0,21.5,88.2,93.1,14.1,2.547,2.577,2.591,2.53,2.538219999999999
1832,1.33,21.0,89.4,92.6,14.02,2.53,2.547,2.577,2.8,2.774390000000002
1833,1.2,20.6,92.9,91.9,14.02,2.8,2.53,2.547,2.851,2.832469999999999
1834,1.17,19.6,91.0,91.9,14.12,2.851,2.8,2.53,2.859,2.8456
1835,0.99,19.4,92.2,91.4,14.03,2.859,2.851,2.8,2.849,2.849560000000001
1836,0.97,17.6,94.1,89.7,13.89,2.849,2.859,2.851,2.855,2.8543500000000024
1837,0.71,17.8,94.8,90.9,14.17,2.855,2.849,2.859,2.86,2.851660000000002
1838,0.0,17.2,95.3,89.2,13.88,2.86,2.855,2.849,2.841,2.829820000000002
1839,0.0,17.9,94.8,90.5,14.07,2.841,2.86,2.855,2.798,2.819300000000003
1840,0.0,16.8,92.5,90.6,14.03,2.798,2.841,2.86,2.79,2.79033
1841,0.0,17.1,95.4,89.7,13.93,2.79,2.798,2.841,2.79,2.7720599999999984
1842,0.0,17.6,91.5,90.4,14.03,2.79,2.79,2.798,2.757,2.7632299999999996
1843,0.0,17.7,92.4,90.4,13.92,2.757,2.79,2.79,2.732,2.7496900000000024
1844,0.0,19.0,90.1,91.4,13.97,2.732,2.757,2.79,2.725,2.7190200000000004
1845,0.0,19.7,89.9,91.8,14.28,2.725,2.732,2.757,2.712,2.715510000000001
1846,0.0,20.8,89.4,92.9,13.92,2.712,2.725,2.732,2.691,2.6921700000000017
1847,0.0,21.6,88.4,93.7,13.84,2.691,2.712,2.725,2.685,2.66894
1848,0.0,22.9,87.7,94.1,13.94,2.685,2.691,2.712,2.645,2.661
1849,0.0,23.0,88.5,93.5,13.94,2.645,2.685,2.691,2.637,2.634090000000002
1850,0.0,22.7,86.7,93.8,14.03,2.637,2.645,2.685,2.622,2.627960000000001
1851,0.0,22.6,85.7,93.2,14.01,2.622,2.637,2.645,2.614,2.602600000000002
1852,0.0,23.1,87.3,93.5,14.1,2.614,2.622,2.637,2.584,2.588010000000003
1853,0.0,22.1,88.0,94.2,13.84,2.584,2.614,2.622,2.565,2.569410000000002
1854,0.0,22.9,85.7,94.2,14.11,2.565,2.584,2.614,2.565,2.5576200000000027
1855,0.0,22.0,88.7,92.4,13.96,2.565,2.565,2.584,2.532,2.554179999999999
1856,4.5,20.6,89.8,92.2,14.03,2.532,2.565,2.565,2.843,2.7869500000000045
1857,4.7,19.3,89.6,92.0,14.07,2.843,2.532,2.565,2.864,2.8437100000000015
1858,4.69,19.8,92.7,91.6,14.08,2.864,2.843,2.532,2.858,2.8423300000000022
1859,5.15,18.5,91.8,90.6,14.11,2.858,2.864,2.843,2.85,2.8505400000000014
1860,4.19,18.4,93.0,90.8,14.14,2.85,2.858,2.864,2.856,2.84893
1861,4.48,16.8,93.3,90.0,13.83,2.856,2.85,2.858,2.846,2.8505600000000015
1862,0.0,16.9,93.9,90.1,14.03,2.846,2.856,2.85,2.84,2.8211500000000025
1863,0.0,17.0,92.7,90.3,13.98,2.84,2.846,2.856,2.812,2.8167200000000014
1864,0.0,17.1,92.1,90.1,13.94,2.812,2.84,2.846,2.817,2.8013099999999995
1865,0.0,17.2,95.4,90.0,14.01,2.817,2.812,2.84,2.771,2.7942
1866,0.0,18.1,91.8,90.5,14.23,2.771,2.817,2.812,2.77,2.75889
1867,0.0,18.1,90.8,91.0,13.87,2.77,2.771,2.817,2.748,2.755550000000001
1868,0.0,19.2,88.5,91.3,14.0,2.748,2.77,2.771,2.741,2.7265100000000024
1869,0.0,20.0,89.2,91.9,13.89,2.741,2.748,2.77,2.701,2.7068700000000026
1870,0.0,21.0,87.4,93.3,14.02,2.701,2.741,2.748,2.697,2.6869499999999995
1871,0.0,21.8,90.0,93.3,14.13,2.697,2.701,2.741,2.676,2.6729900000000004
1872,0.0,21.7,88.4,93.3,14.14,2.676,2.697,2.701,2.65,2.661070000000001
1873,0.0,22.0,85.7,94.1,14.22,2.65,2.676,2.697,2.636,2.638950000000001
1874,0.0,23.4,88.8,93.8,13.91,2.636,2.65,2.676,2.628,2.6223700000000014
1875,0.0,23.1,87.2,94.6,14.08,2.628,2.636,2.65,2.59,2.6018000000000012
1876,0.0,22.6,85.7,94.1,13.98,2.59,2.628,2.636,2.586,2.59272
1877,0.0,23.2,83.5,93.7,14.1,2.586,2.59,2.628,2.579,2.574959999999999
1878,0.0,22.2,89.9,93.6,13.88,2.579,2.586,2.59,2.565,2.54909
1879,0.0,22.0,86.3,92.2,13.94,2.565,2.579,2.586,2.55,2.5445699999999976
1880,5.13,20.8,87.0,92.0,13.88,2.55,2.565,2.579,2.832,2.70444
1881,4.98,20.8,91.2,91.4,13.9,2.832,2.55,2.565,2.852,2.8475600000000014
1882,5.6,19.9,94.0,91.6,14.03,2.852,2.832,2.55,2.849,2.8435300000000026
1883,5.17,18.4,93.7,91.9,13.95,2.849,2.852,2.832,2.849,2.846980000000002
1884,5.75,18.3,93.5,91.7,14.0,2.849,2.849,2.852,2.84,2.8490600000000033
1885,5.57,17.7,94.2,90.6,13.93,2.84,2.849,2.849,2.833,2.84898
1886,0.0,17.6,94.9,90.3,13.98,2.833,2.84,2.849,2.825,2.8197100000000006
1887,0.0,16.6,94.9,89.1,14.1,2.825,2.833,2.84,2.812,2.799430000000001
1888,0.0,17.4,94.2,89.8,13.89,2.812,2.825,2.833,2.808,2.7952299999999983
1889,0.0,17.8,93.6,89.9,13.92,2.808,2.812,2.825,2.794,2.7914799999999995
1890,0.0,17.2,92.8,90.3,14.05,2.794,2.808,2.812,2.761,2.772059999999999
1891,0.0,18.0,91.1,90.9,13.95,2.761,2.794,2.808,2.762,2.752850000000002
1892,0.0,18.4,90.7,91.2,14.15,2.762,2.761,2.794,2.71,2.74196
1893,0.0,19.9,88.0,91.0,13.96,2.71,2.762,2.761,2.7,2.705130000000001
1894,0.0,21.1,88.8,92.9,13.96,2.7,2.71,2.762,2.681,2.6844299999999977
1895,0.0,22.1,86.8,92.5,14.07,2.681,2.7,2.71,2.666,2.6563100000000004
1896,0.0,22.2,85.8,93.5,13.93,2.666,2.681,2.7,2.656,2.649590000000002
1897,0.0,23.2,86.8,94.8,14.03,2.656,2.666,2.681,2.647,2.6358000000000015
1898,0.0,22.3,87.8,93.5,14.09,2.647,2.656,2.666,2.607,2.6198800000000015
1899,0.0,22.3,87.1,92.7,14.14,2.607,2.647,2.656,2.606,2.6063500000000035
1900,0.0,22.9,84.3,93.8,13.92,2.606,2.607,2.647,2.589,2.577159999999999
1901,0.0,22.8,85.3,94.3,14.08,2.589,2.606,2.607,2.57,2.5669299999999997
1902,0.0,22.1,88.3,94.4,13.96,2.57,2.589,2.606,2.548,2.5498499999999997
1903,0.0,20.7,86.8,92.4,13.89,2.548,2.57,2.589,2.535,2.543339999999997
1904,1.45,20.7,88.7,92.8,14.02,2.535,2.548,2.57,2.799,2.80409
1905,1.77,19.5,90.7,91.8,14.03,2.799,2.535,2.548,2.86,2.832719999999999
1906,1.03,19.5,89.9,91.4,13.92,2.86,2.799,2.535,2.85,2.8476899999999987
1907,0.75,18.6,92.1,92.3,14.04,2.85,2.86,2.799,2.859,2.848620000000001
1908,0.6,17.5,91.2,89.8,14.09,2.859,2.85,2.86,2.844,2.853860000000002
1909,0.56,17.2,92.7,90.4,13.92,2.844,2.859,2.85,2.854,2.8529300000000006
1910,0.0,16.7,94.2,90.3,13.95,2.854,2.844,2.859,2.831,2.8279900000000016
1911,0.0,17.0,92.1,90.5,14.05,2.831,2.854,2.844,2.835,2.817740000000001
1912,0.0,17.5,94.4,90.1,14.05,2.835,2.831,2.854,2.798,2.818330000000001
1913,0.0,17.0,93.4,90.4,13.99,2.798,2.835,2.831,2.789,2.78551
1914,0.0,18.1,93.5,90.4,14.08,2.789,2.798,2.835,2.756,2.766089999999997
1915,0.0,18.3,92.3,91.1,13.89,2.756,2.789,2.798,2.741,2.745760000000002
1916,0.0,18.9,92.7,91.3,14.15,2.741,2.756,2.789,2.715,2.72519
1917,0.0,20.0,90.2,92.3,13.94,2.715,2.741,2.756,2.709,2.70129
1918,0.0,20.4,88.4,92.3,14.08,2.709,2.715,2.741,2.689,2.692080000000002
1919,0.0,21.3,88.1,93.2,13.86,2.689,2.709,2.715,2.671,2.6680800000000016
1920,0.0,21.6,87.8,93.4,14.12,2.671,2.689,2.709,2.659,2.6570400000000003
1921,0.0,23.4,86.6,94.3,13.94,2.659,2.671,2.689,2.649,2.6433800000000036
1922,0.0,22.9,86.2,93.9,14.02,2.649,2.659,2.671,2.633,2.6230899999999995
1923,0.0,22.7,85.2,93.1,14.06,2.633,2.649,2.659,2.616,2.613440000000003
1924,0.0,23.0,85.3,94.6,14.17,2.616,2.633,2.649,2.577,2.600140000000002
1925,0.0,22.6,84.9,93.3,14.06,2.577,2.616,2.633,2.573,2.568850000000003
1926,0.0,22.0,89.3,93.1,14.05,2.573,2.577,2.616,2.545,2.5496500000000006
1927,0.0,21.7,86.5,92.7,14.19,2.545,2.573,2.577,2.547,2.5707800000000014
1928,2.16,21.1,88.1,93.2,14.06,2.547,2.545,2.573,2.861,2.811050000000001
1929,3.21,19.8,89.1,90.9,14.01,2.861,2.547,2.545,2.838,2.847760000000002
1930,2.51,19.0,92.1,93.1,14.02,2.838,2.861,2.547,2.845,2.8450200000000025
1931,3.38,18.4,91.6,91.5,13.98,2.845,2.838,2.861,2.84,2.848140000000002
1932,2.55,17.0,94.3,90.7,13.95,2.84,2.845,2.838,2.846,2.8502900000000007
1933,2.08,16.8,92.7,90.2,13.99,2.846,2.84,2.845,2.846,2.852630000000002
1934,0.0,17.6,94.2,90.2,13.75,2.846,2.846,2.84,2.834,2.82548
1935,0.0,17.7,93.0,90.3,13.97,2.834,2.846,2.846,2.795,2.820260000000001
1936,0.0,17.0,96.4,90.4,14.02,2.795,2.834,2.846,2.795,2.7855099999999995
1937,0.0,17.6,92.0,90.5,14.0,2.795,2.795,2.834,2.773,2.7712899999999996
1938,0.0,18.0,93.2,90.6,13.93,2.773,2.795,2.795,2.762,2.753820000000001
1939,0.0,19.7,92.8,90.9,14.02,2.762,2.773,2.795,2.751,2.73817
1940,0.0,19.7,91.5,91.4,14.01,2.751,2.762,2.773,2.73,2.7289400000000024
1941,0.0,19.9,89.8,91.9,14.06,2.73,2.751,2.762,2.725,2.7082100000000007
1942,0.0,20.4,88.8,93.1,14.08,2.725,2.73,2.751,2.687,2.700180000000001
1943,0.0,20.9,88.1,93.3,14.01,2.687,2.725,2.73,2.661,2.6801800000000013
1944,0.0,22.2,87.0,91.9,14.01,2.661,2.687,2.725,2.659,2.6503299999999994
1945,0.0,22.3,87.7,94.1,13.9,2.659,2.661,2.687,2.637,2.642930000000003
1946,0.0,22.3,88.8,94.0,14.01,2.637,2.659,2.661,2.616,2.6169900000000026
1947,0.0,22.7,85.3,94.0,14.18,2.616,2.637,2.659,2.597,2.603600000000003
1948,0.0,22.5,84.5,93.7,13.97,2.597,2.616,2.637,2.568,2.5811100000000007
1949,0.0,23.3,86.4,94.3,14.05,2.568,2.597,2.616,2.573,2.562600000000003
1950,0.0,22.5,90.3,93.9,14.11,2.573,2.568,2.597,2.548,2.5560599999999996
1951,0.0,21.5,87.0,92.6,13.94,2.548,2.573,2.568,2.527,2.569059999999999
1952,4.25,21.4,90.9,92.7,14.1,2.527,2.548,2.573,2.855,2.8196800000000035
1953,4.36,20.0,92.0,91.5,14.26,2.855,2.527,2.548,2.839,2.844750000000002
1954,4.64,18.9,90.4,90.8,13.87,2.839,2.855,2.527,2.843,2.847140000000002
1955,4.37,19.1,92.7,90.7,13.97,2.843,2.839,2.855,2.854,2.8467900000000004
1956,4.98,18.1,94.8,91.0,14.06,2.854,2.843,2.839,2.846,2.8513700000000015
1957,4.89,17.0,93.0,90.7,13.83,2.846,2.854,2.843,2.838,2.849
1958,0.0,17.0,93.6,90.3,14.11,2.838,2.846,2.854,2.827,2.815200000000002
1959,0.0,16.6,93.3,90.4,14.16,2.827,2.838,2.846,2.81,2.8104500000000012
1960,0.0,16.5,92.6,90.3,14.03,2.81,2.827,2.838,2.806,2.7941999999999982
1961,0.0,17.8,92.7,89.9,14.03,2.806,2.81,2.827,2.781,2.7878199999999986
1962,0.0,18.6,91.4,90.8,13.96,2.781,2.806,2.81,2.762,2.760049999999999
1963,0.0,17.9,92.0,91.4,13.89,2.762,2.781,2.806,2.741,2.749720000000001
1964,0.0,19.4,90.1,91.9,14.11,2.741,2.762,2.781,2.708,2.718210000000001
1965,0.0,19.7,90.3,92.6,14.0,2.708,2.741,2.762,2.71,2.71541
1966,0.0,20.6,87.1,92.9,13.92,2.71,2.708,2.741,2.694,2.690840000000001
1967,0.0,21.3,88.4,93.2,13.97,2.694,2.71,2.708,2.666,2.675530000000001
1968,0.0,21.8,88.2,93.9,13.88,2.666,2.694,2.71,2.668,2.6536
1969,0.0,22.6,84.1,93.7,13.95,2.668,2.666,2.694,2.619,2.6468400000000027
1970,0.0,22.6,86.6,93.5,13.83,2.619,2.668,2.666,2.633,2.6104200000000004
1971,0.0,23.1,87.5,93.9,14.03,2.633,2.619,2.668,2.597,2.608010000000002
1972,0.0,22.9,84.7,93.6,13.86,2.597,2.633,2.619,2.61,2.587180000000001
1973,0.0,22.5,88.5,93.4,14.03,2.61,2.597,2.633,2.562,2.5756099999999993
1974,0.0,21.8,87.7,93.3,13.94,2.562,2.61,2.597,2.565,2.5381899999999975
1975,0.0,21.3,87.2,92.6,14.04,2.565,2.562,2.61,2.526,2.5831600000000003
1976,1.62,21.1,88.9,92.4,14.18,2.526,2.565,2.562,2.843,2.7755200000000007
1977,1.23,20.2,90.7,91.1,14.08,2.843,2.526,2.565,2.855,2.851010000000001
1978,1.6,18.8,91.1,91.6,14.24,2.855,2.843,2.526,2.848,2.8446800000000003
1979,1.87,18.5,92.6,91.0,13.94,2.848,2.855,2.843,2.847,2.8510600000000013
1980,1.38,18.2,91.7,90.2,13.85,2.847,2.848,2.855,2.864,2.8539700000000017
1981,1.38,16.7,93.7,90.6,14.01,2.864,2.847,2.848,2.835,2.8522400000000014
1982,0.0,17.3,92.2,90.5,13.98,2.835,2.864,2.847,2.832,2.8181600000000007
1983,0.0,16.7,93.9,89.2,13.91,2.832,2.835,2.864,2.822,2.8188100000000014
1984,0.0,17.3,92.8,89.7,13.96,2.822,2.832,2.835,2.796,2.8030800000000027
1985,0.0,17.1,92.6,89.9,13.99,2.796,2.822,2.832,2.771,2.785679999999999
1986,0.0,17.2,94.3,90.1,14.21,2.771,2.796,2.822,2.767,2.76134
1987,0.0,17.8,93.3,91.4,13.75,2.767,2.771,2.796,2.747,2.7501800000000016
1988,0.0,19.2,91.8,91.4,14.0,2.747,2.767,2.771,2.724,2.7266900000000023
1989,0.0,20.1,88.7,91.9,14.02,2.724,2.747,2.767,2.715,2.704740000000001
1990,0.0,20.4,88.6,91.5,14.04,2.715,2.724,2.747,2.7,2.700750000000002
1991,0.0,21.8,89.5,93.3,13.96,2.7,2.715,2.724,2.685,2.680459999999995
1992,0.0,21.5,87.3,92.8,14.08,2.685,2.7,2.715,2.657,2.6612799999999996
1993,0.0,22.6,89.3,93.8,13.92,2.657,2.685,2.7,2.634,2.651539999999999
1994,0.0,22.4,86.6,94.1,13.93,2.634,2.657,2.685,2.617,2.6319600000000007
1995,0.0,22.7,86.2,94.7,13.82,2.617,2.634,2.657,2.609,2.6003000000000016
1996,0.0,22.9,85.8,93.3,14.19,2.609,2.617,2.634,2.576,2.5873000000000017
1997,0.0,22.3,86.7,92.2,14.02,2.576,2.609,2.617,2.565,2.5653300000000026
1998,0.0,22.0,87.0,93.5,14.01,2.565,2.576,2.609,2.542,2.5474900000000003
1999,0.0,21.9,88.8,93.9,13.84,2.542,2.565,2.576,2.531,2.5936800000000004
2000,2.63,20.5,90.1,93.1,14.12,2.531,2.542,2.565,2.861,2.8057300000000027
2001,3.19,20.3,89.1,92.1,14.1,2.861,2.531,2.542,2.849,2.8461200000000018
2002,3.77,18.8,89.4,91.2,14.08,2.849,2.861,2.531,2.865,2.8431500000000027
2003,2.91,18.7,89.8,91.4,14.02,2.865,2.849,2.861,2.854,2.850190000000002
2004,2.9,18.5,93.4,90.1,13.96,2.854,2.865,2.849,2.855,2.8498900000000007
2005,3.84,16.4,92.1,90.5,14.05,2.855,2.854,2.865,2.848,2.850220000000003
2006,0.0,16.8,91.3,90.3,13.96,2.848,2.855,2.854,2.828,2.8237400000000026
2007,0.0,17.2,94.5,90.5,14.12,2.828,2.848,2.855,2.814,2.814880000000002
2008,0.0,17.0,96.9,91.4,14.08,2.814,2.828,2.848,2.788,2.7893999999999988
2009,0.0,17.6,93.5,90.5,14.08,2.788,2.814,2.828,2.785,2.7704199999999988
2010,0.0,17.6,93.8,90.3,13.83,2.785,2.788,2.814,2.754,2.7666299999999997
2011,0.0,18.5,92.1,91.0,14.02,2.754,2.785,2.788,2.748,2.745070000000001
2012,0.0,19.2,90.9,90.6,13.93,2.748,2.754,2.785,2.733,2.728310000000002
2013,0.0,20.5,91.1,91.7,14.11,2.733,2.748,2.754,2.714,2.7076199999999995
2014,0.0,20.9,88.6,92.3,14.04,2.714,2.733,2.748,2.69,2.6965600000000025
2015,0.0,21.6,88.3,92.7,13.92,2.69,2.714,2.733,2.676,2.67748
2016,0.0,22.0,87.6,93.5,14.16,2.676,2.69,2.714,2.661,2.657389999999999
2017,0.0,22.4,85.7,93.3,13.85,2.661,2.676,2.69,2.64,2.6385200000000038
2018,0.0,22.7,87.3,94.5,13.82,2.64,2.661,2.676,2.617,2.623780000000002
2019,0.0,23.2,85.8,94.0,14.08,2.617,2.64,2.661,2.616,2.6031100000000045
2020,0.0,22.7,85.2,93.9,13.86,2.616,2.617,2.64,2.585,2.5809800000000007
2021,0.0,22.7,87.2,93.6,13.94,2.585,2.616,2.617,2.566,2.574900000000004
2022,0.0,23.0,86.1,93.5,14.01,2.566,2.585,2.616,2.556,2.555760000000004
2023,0.0,21.8,88.0,93.4,13.93,2.556,2.566,2.585,2.549,2.5482899999999984
2024,2.13,20.6,89.0,92.1,13.88,2.549,2.556,2.566,2.838,2.77289
2025,2.47,20.5,91.3,91.7,13.93,2.838,2.549,2.556,2.85,2.849920000000002
2026,2.7,19.1,91.6,91.3,13.95,2.85,2.838,2.549,2.848,2.8460300000000016
2027,2.15,17.7,92.0,90.3,13.94,2.848,2.85,2.838,2.858,2.8535900000000014
2028,2.36,17.5,93.8,90.2,14.07,2.858,2.848,2.85,2.847,2.852980000000001
2029,2.33,16.7,95.1,90.0,14.04,2.847,2.858,2.848,2.845,2.8560200000000022
2030,0.0,17.0,94.5,90.5,14.01,2.845,2.847,2.858,2.835,2.8208300000000013
2031,0.0,17.0,94.0,90.1,14.12,2.835,2.845,2.847,2.805,2.8203200000000006
2032,0.0,17.8,92.3,90.2,14.0,2.805,2.835,2.845,2.814,2.79479
2033,0.0,17.5,92.2,90.7,14.0,2.814,2.805,2.835,2.77,2.7884299999999995
2034,0.0,17.8,92.5,90.5,13.94,2.77,2.814,2.805,2.769,2.75851
2035,0.0,18.8,91.3,91.2,14.03,2.769,2.77,2.814,2.742,2.747990000000001
2036,0.0,18.3,90.8,91.4,14.08,2.742,2.769,2.77,2.735,2.7295900000000013
2037,0.0,20.1,90.1,92.1,13.96,2.735,2.742,2.769,2.715,2.7018100000000005
2038,0.0,21.1,89.6,92.2,13.93,2.715,2.735,2.742,2.694,2.696910000000001
2039,0.0,20.9,87.9,91.8,14.12,2.694,2.715,2.735,2.68,2.682500000000002
2040,0.0,22.6,87.8,93.3,13.96,2.68,2.694,2.715,2.661,2.65848
2041,0.0,22.7,86.6,94.4,14.18,2.661,2.68,2.694,2.638,2.6386100000000026
2042,0.0,22.7,83.8,94.4,14.1,2.638,2.661,2.68,2.62,2.6304800000000017
2043,0.0,23.3,84.9,94.5,13.97,2.62,2.638,2.661,2.609,2.604090000000003
2044,0.0,23.8,86.0,94.5,14.02,2.609,2.62,2.638,2.579,2.5899400000000026
2045,0.0,22.7,85.1,93.8,14.18,2.579,2.609,2.62,2.573,2.5747899999999992
2046,0.0,22.2,87.9,93.5,14.23,2.573,2.579,2.609,2.549,2.5498100000000004
2047,0.0,21.3,89.8,92.7,14.04,2.549,2.573,2.579,2.542,2.541839999999998
2048,1.85,20.4,90.4,92.4,14.03,2.542,2.549,2.573,2.845,2.823880000000001
2049,1.97,20.3,89.7,92.3,14.09,2.845,2.542,2.549,2.854,2.84783
2050,1.78,18.9,92.8,92.1,14.14,2.854,2.845,2.542,2.842,2.8457100000000013
2051,1.89,18.5,92.2,90.9,14.06,2.842,2.854,2.845,2.853,2.8511800000000016
2052,1.89,17.7,92.4,90.4,13.91,2.853,2.842,2.854,2.848,2.8499400000000024
2053,1.49,17.6,92.7,90.3,14.02,2.848,2.853,2.842,2.851,2.8535300000000023
2054,0.0,17.2,93.5,90.4,14.08,2.851,2.848,2.853,2.821,2.827840000000003
2055,0.0,17.4,93.5,89.3,13.93,2.821,2.851,2.848,2.822,2.810760000000002
2056,0.0,16.9,94.1,88.9,13.97,2.822,2.821,2.851,2.787,2.8005600000000017
2057,0.0,17.3,93.7,90.0,13.97,2.787,2.822,2.821,2.778,2.7803999999999984
2058,0.0,17.5,92.8,90.0,14.02,2.778,2.787,2.822,2.759,2.76105
2059,0.0,18.3,92.5,90.7,13.87,2.759,2.778,2.787,2.731,2.748480000000001
2060,0.0,19.4,92.5,91.4,14.09,2.731,2.759,2.778,2.702,2.7196
2061,0.0,20.3,91.1,91.8,14.1,2.702,2.731,2.759,2.707,2.6957400000000025
2062,0.0,20.4,87.2,93.2,14.0,2.707,2.702,2.731,2.681,2.681460000000001
2063,0.0,21.8,84.9,93.2,13.94,2.681,2.707,2.702,2.674,2.6653700000000002
2064,0.0,22.7,88.3,93.6,14.17,2.674,2.681,2.707,2.643,2.65369
2065,0.0,22.8,84.9,94.0,13.96,2.643,2.674,2.681,2.65,2.6295300000000013
2066,0.0,23.6,85.9,93.4,13.95,2.65,2.643,2.674,2.626,2.620149999999999
2067,0.0,22.7,84.6,94.5,14.18,2.626,2.65,2.643,2.597,2.6085300000000013
2068,0.0,22.4,84.0,93.9,13.97,2.597,2.626,2.65,2.575,2.59196
2069,0.0,21.9,87.2,94.1,14.17,2.575,2.597,2.626,2.572,2.5629800000000005
2070,0.0,22.7,88.1,92.9,13.83,2.572,2.575,2.597,2.562,2.543729999999998
2071,0.0,21.8,87.3,92.2,14.0,2.562,2.572,2.575,2.537,2.57127
2072,3.6,20.8,85.9,92.9,14.06,2.537,2.562,2.572,2.848,2.8297400000000024
2073,4.45,20.1,89.3,92.2,13.96,2.848,2.537,2.562,2.839,2.845270000000002
2074,4.44,18.8,91.5,91.0,14.07,2.839,2.848,2.537,2.854,2.8439600000000014
2075,3.66,19.5,90.2,90.6,13.97,2.854,2.839,2.848,2.851,2.8497000000000012
2076,4.45,17.9,93.0,91.1,14.07,2.851,2.854,2.839,2.849,2.8483400000000016
2077,4.73,17.4,93.4,89.7,13.9,2.849,2.851,2.854,2.85,2.849110000000002
2078,0.0,17.4,94.6,90.9,13.85,2.85,2.849,2.851,2.822,2.8278200000000013
2079,0.0,17.2,94.1,89.5,14.08,2.822,2.85,2.849,2.826,2.80973
2080,0.0,17.2,92.7,90.4,13.95,2.826,2.822,2.85,2.795,2.8041500000000013
2081,0.0,17.1,94.9,90.1,14.11,2.795,2.826,2.822,2.774,2.784779999999999
2082,0.0,18.1,92.6,90.9,13.94,2.774,2.795,2.826,2.776,2.7560300000000013
2083,0.0,19.3,92.0,90.7,14.0,2.776,2.774,2.795,2.752,2.7428700000000017
2084,0.0,19.8,89.9,91.4,14.15,2.752,2.776,2.774,2.723,2.7259500000000014
2085,0.0,20.6,89.5,92.0,14.03,2.723,2.752,2.776,2.708,2.7070000000000016
2086,0.0,20.6,87.9,92.0,13.84,2.708,2.723,2.752,2.692,2.692440000000002
2087,0.0,21.1,87.8,93.4,13.94,2.692,2.708,2.723,2.676,2.6750200000000013
2088,0.0,22.1,89.2,93.2,13.95,2.676,2.692,2.708,2.645,2.6607899999999978
2089,0.0,22.6,84.9,93.6,14.1,2.645,2.676,2.692,2.635,2.633780000000001
2090,0.0,23.3,84.2,93.4,13.92,2.635,2.645,2.676,2.614,2.621280000000001
2091,0.0,22.3,87.8,92.7,13.87,2.614,2.635,2.645,2.607,2.594810000000002
2092,0.0,23.5,85.9,93.8,13.83,2.607,2.614,2.635,2.583,2.577750000000001
2093,0.0,22.5,85.7,94.9,13.97,2.583,2.607,2.614,2.579,2.5670700000000015
2094,0.0,22.0,88.4,93.8,14.09,2.579,2.583,2.607,2.555,2.55315
2095,0.0,21.1,87.3,93.0,13.97,2.555,2.579,2.583,2.532,2.5385199999999966
2096,2.83,20.1,91.2,92.4,13.89,2.532,2.555,2.579,2.842,2.78675
2097,1.95,20.3,90.8,92.0,13.95,2.842,2.532,2.555,2.843,2.8495600000000008
2098,2.48,19.3,90.4,91.8,14.03,2.843,2.842,2.532,2.847,2.843300000000001
2099,2.68,18.0,94.6,90.4,14.03,2.847,2.843,2.842,2.843,2.8529000000000027
2100,3.23,17.4,92.1,91.1,13.95,2.843,2.847,2.843,2.854,2.8497200000000014
2101,2.85,17.3,94.4,90.6,14.01,2.854,2.843,2.847,2.844,2.8529200000000015
2102,0.0,17.8,94.2,90.4,14.02,2.844,2.854,2.843,2.831,2.8249100000000023
2103,0.0,16.9,95.6,90.2,14.01,2.831,2.844,2.854,2.827,2.8173800000000018
2104,0.0,16.5,95.7,90.1,13.91,2.827,2.831,2.844,2.791,2.81127
2105,0.0,17.3,93.5,90.6,13.85,2.791,2.827,2.831,2.772,2.7796499999999993
2106,0.0,17.8,91.9,90.9,13.78,2.772,2.791,2.827,2.768,2.7574500000000004
2107,0.0,17.4,92.6,90.8,13.91,2.768,2.772,2.791,2.747,2.7531499999999998
2108,0.0,19.2,90.2,91.2,13.91,2.747,2.768,2.772,2.721,2.7269900000000034
2109,0.0,19.9,92.4,92.1,14.0,2.721,2.747,2.768,2.719,2.7103999999999995
2110,0.0,21.1,89.1,93.3,14.13,2.719,2.721,2.747,2.697,2.698440000000001
2111,0.0,22.2,87.6,92.4,13.88,2.697,2.719,2.721,2.675,2.6731199999999995
2112,0.0,22.6,87.4,92.7,13.93,2.675,2.697,2.719,2.655,2.6575000000000006
2113,0.0,22.5,84.9,93.8,13.99,2.655,2.675,2.697,2.636,2.639760000000002
2114,0.0,22.5,85.0,94.0,14.04,2.636,2.655,2.675,2.622,2.625929999999999
2115,0.0,24.0,87.4,94.1,13.99,2.622,2.636,2.655,2.61,2.6057000000000015
2116,0.0,22.9,85.3,94.1,13.95,2.61,2.622,2.636,2.592,2.58678
2117,0.0,22.6,85.3,93.6,13.94,2.592,2.61,2.622,2.583,2.575910000000001
2118,0.0,22.1,87.8,94.2,13.85,2.583,2.592,2.61,2.565,2.5519900000000004
2119,0.0,21.6,89.4,92.2,13.97,2.565,2.583,2.592,2.535,2.5387099999999974
2120,1.77,20.7,89.8,92.1,14.09,2.535,2.565,2.583,2.852,2.7418500000000012
2121,1.84,19.8,91.2,91.9,13.89,2.852,2.535,2.565,2.84,2.8514800000000005
2122,1.25,19.0,90.1,90.7,14.13,2.84,2.852,2.535,2.839,2.846510000000001
2123,2.07,18.5,90.3,90.9,13.89,2.839,2.84,2.852,2.852,2.85189
2124,2.09,17.7,94.6,91.4,14.12,2.852,2.839,2.84,2.846,2.8511000000000024
2125,1.84,17.1,93.1,90.3,13.97,2.846,2.852,2.839,2.848,2.8512800000000023
2126,0.0,17.1,93.6,90.2,13.9,2.848,2.846,2.852,2.826,2.821620000000001
2127,0.0,16.9,95.6,89.4,14.17,2.826,2.848,2.846,2.823,2.809990000000001
2128,0.0,17.7,94.5,89.8,14.14,2.823,2.826,2.848,2.788,2.803120000000001
2129,0.0,16.3,94.0,90.1,14.05,2.788,2.823,2.826,2.774,2.7827899999999977
2130,0.0,18.3,95.4,90.4,13.99,2.774,2.788,2.823,2.771,2.7586700000000017
2131,0.0,19.0,91.2,91.6,14.08,2.771,2.774,2.788,2.74,2.741140000000001
2132,0.0,18.4,92.1,91.8,14.11,2.74,2.771,2.774,2.716,2.72918
2133,0.0,19.9,90.1,91.4,13.94,2.716,2.74,2.771,2.709,2.70599
2134,0.0,20.6,89.3,92.6,13.86,2.709,2.716,2.74,2.685,2.6909400000000003
2135,0.0,20.9,89.8,93.2,13.97,2.685,2.709,2.716,2.669,2.672249999999999
2136,0.0,21.8,87.8,94.0,14.0,2.669,2.685,2.709,2.648,2.6534299999999997
2137,0.0,22.2,87.2,94.5,13.98,2.648,2.669,2.685,2.644,2.6361600000000025
2138,0.0,23.6,87.4,93.4,13.92,2.644,2.648,2.669,2.628,2.6153300000000006
2139,0.0,23.4,85.6,93.6,14.01,2.628,2.644,2.648,2.614,2.6031
2140,0.0,23.4,85.1,93.3,14.24,2.614,2.628,2.644,2.601,2.596010000000004
2141,0.0,22.9,85.3,93.6,13.96,2.601,2.614,2.628,2.568,2.57985
2142,0.0,21.7,84.8,93.6,14.06,2.568,2.601,2.614,2.553,2.553340000000003
2143,0.0,21.3,90.5,93.5,13.93,2.553,2.568,2.601,2.549,2.5464499999999983
2144,2.84,21.0,87.6,92.5,13.99,2.549,2.553,2.568,2.853,2.8076500000000006
2145,3.16,19.5,89.7,91.8,14.15,2.853,2.549,2.553,2.855,2.846660000000002
2146,2.65,19.5,90.7,91.6,13.83,2.855,2.853,2.549,2.848,2.849370000000001
2147,2.94,18.4,92.4,90.6,13.92,2.848,2.855,2.853,2.856,2.8507000000000016
2148,3.12,17.7,93.8,91.6,14.08,2.856,2.848,2.855,2.849,2.849170000000003
2149,3.07,17.7,94.5,89.5,13.99,2.849,2.856,2.848,2.852,2.8547400000000023
2150,0.0,17.3,93.2,90.2,13.71,2.852,2.849,2.856,2.827,2.8264600000000013
2151,0.0,16.9,93.8,91.0,13.97,2.827,2.852,2.849,2.82,2.814430000000001
2152,0.0,17.6,94.2,90.1,14.04,2.82,2.827,2.852,2.808,2.80311
2153,0.0,17.0,93.2,90.2,14.11,2.808,2.82,2.827,2.774,2.794659999999999
2154,0.0,18.1,94.8,90.4,13.98,2.774,2.808,2.82,2.77,2.761710000000001
2155,0.0,18.7,92.6,90.9,13.94,2.77,2.774,2.808,2.752,2.749910000000002
2156,0.0,19.1,91.9,92.2,14.06,2.752,2.77,2.774,2.727,2.732320000000003
2157,0.0,20.1,90.8,90.9,14.06,2.727,2.752,2.77,2.714,2.708709999999999
2158,0.0,20.3,90.4,93.3,14.11,2.714,2.727,2.752,2.688,2.699070000000002
2159,0.0,21.9,88.2,92.3,13.94,2.688,2.714,2.727,2.672,2.67811
2160,0.0,22.0,85.6,93.3,14.19,2.672,2.688,2.714,2.652,2.6506799999999986
2161,0.0,22.4,87.0,93.5,14.13,2.652,2.672,2.688,2.634,2.63552
2162,0.0,23.3,85.4,94.2,14.05,2.634,2.652,2.672,2.614,2.62585
2163,0.0,22.7,85.4,93.2,14.16,2.614,2.634,2.652,2.608,2.6000300000000034
2164,0.0,22.3,86.8,94.2,13.91,2.608,2.614,2.634,2.584,2.581180000000001
2165,0.0,22.0,88.0,94.7,14.17,2.584,2.608,2.614,2.571,2.5633499999999994
2166,0.0,22.4,87.2,92.7,13.74,2.571,2.584,2.608,2.548,2.547509999999999
2167,0.0,21.0,88.4,93.1,14.09,2.548,2.571,2.584,2.539,2.5453499999999987
2168,3.0,21.5,91.0,92.2,14.08,2.539,2.548,2.571,2.842,2.824020000000003
2169,2.53,19.2,90.3,92.2,13.99,2.842,2.539,2.548,2.842,2.845360000000002
2170,3.87,19.9,94.2,91.5,13.88,2.842,2.842,2.539,2.856,2.8465100000000025
2171,3.72,18.6,92.7,90.7,14.12,2.856,2.842,2.842,2.851,2.849740000000001
2172,2.65,17.8,90.7,90.8,13.93,2.851,2.856,2.842,2.854,2.8509100000000003
2173,3.45,17.2,94.4,91.2,14.07,2.854,2.851,2.856,2.862,2.8510200000000028
2174,0.0,17.3,94.3,90.0,14.09,2.862,2.854,2.851,2.817,2.829250000000002
2175,0.0,17.0,95.5,90.4,14.02,2.817,2.862,2.854,2.81,2.8055899999999996
2176,0.0,17.5,94.7,89.4,13.95,2.81,2.817,2.862,2.804,2.79428
2177,0.0,17.4,93.3,89.8,14.15,2.804,2.81,2.817,2.765,2.7885299999999997
2178,0.0,17.9,91.4,90.8,13.99,2.765,2.804,2.81,2.769,2.7541900000000004
2179,0.0,18.4,91.7,91.7,13.96,2.769,2.765,2.804,2.749,2.7452100000000015
2180,0.0,19.2,90.0,91.7,13.99,2.749,2.769,2.765,2.726,2.7283900000000023
2181,0.0,20.1,89.3,91.8,14.04,2.726,2.749,2.769,2.705,2.7068600000000007
2182,0.0,20.1,89.7,92.5,13.97,2.705,2.726,2.749,2.681,2.6892100000000028
2183,0.0,21.0,90.0,92.4,14.18,2.681,2.705,2.726,2.676,2.6693700000000002
2184,0.0,22.4,87.6,93.7,14.05,2.676,2.681,2.705,2.647,2.6527399999999997
2185,0.0,22.7,85.1,94.2,13.81,2.647,2.676,2.681,2.645,2.6259800000000024
2186,0.0,22.8,86.7,93.7,14.09,2.645,2.647,2.676,2.626,2.62426
2187,0.0,23.0,87.4,93.8,13.99,2.626,2.645,2.647,2.61,2.6037800000000018
2188,0.0,23.0,85.4,94.1,14.02,2.61,2.626,2.645,2.592,2.594500000000001
2189,0.0,22.4,86.4,93.5,14.02,2.592,2.61,2.626,2.559,2.575370000000002
2190,0.0,21.8,87.2,93.4,13.93,2.559,2.592,2.61,2.552,2.54788
2191,0.0,21.6,87.1,94.0,14.13,2.552,2.559,2.592,2.558,2.5854199999999974
2192,2.07,20.4,89.7,92.4,14.03,2.558,2.552,2.559,2.841,2.796770000000001
2193,2.16,20.2,89.9,91.8,13.85,2.841,2.558,2.552,2.862,2.85206
2194,1.65,18.5,91.5,91.2,14.01,2.862,2.841,2.558,2.851,2.8501200000000013
2195,1.58,18.9,90.9,91.4,14.04,2.851,2.862,2.841,2.84,2.8501200000000004
2196,2.61,18.1,92.3,90.5,14.15,2.84,2.851,2.862,2.859,2.849240000000002
2197,1.81,17.5,94.3,89.9,14.25,2.859,2.84,2.851,2.848,2.8532900000000008
2198,0.0,17.5,93.4,90.7,14.04,2.848,2.859,2.84,2.816,2.823650000000002
2199,0.0,17.7,96.1,90.7,14.01,2.816,2.848,2.859,2.803,2.801680000000002
2200,0.0,17.5,93.4,89.8,14.05,2.803,2.816,2.848,2.792,2.7948999999999997
2201,0.0,16.7,93.7,89.3,13.92,2.792,2.803,2.816,2.777,2.7702699999999987
2202,0.0,17.4,93.9,91.1,14.19,2.777,2.792,2.803,2.754,2.753340000000002
2203,0.0,18.3,90.3,90.7,13.83,2.754,2.777,2.792,2.746,2.7454100000000023
2204,0.0,19.2,88.9,91.9,13.98,2.746,2.754,2.777,2.73,2.723500000000003
